1787594543.000	REQ	f370acc9d8b7	martin-mobil	0	1787594543.000
1787594543.000	REQ	f370acc9d8b7	martin-mobil	0	1787594544.000
1787595686.000	REQ	f370acc9d8b7	martin-mobil	0	1787595686.000
1787595686.000	REQ	f370acc9d8b7	martin-mobil	0	1787595686.000
1787595905.000	REQ	f370acc9d8b7	martin-mobil	0	1787595905.000
1787595905.000	REQ	f370acc9d8b7	martin-mobil	0	1787595905.000
1787599157.000	REQ	1b97d1b286a8	martin-mobil	0	1787599158.000
1787599158.000	REQ	1b97d1b286a8	martin-mobil	0	1787599158.000
1787599160.000	REQ	1b97d1b286a8	martin-mobil	0	1787599160.000
1787599165.000	REQ	1b97d1b286a8	martin-mobil	0	1787599165.000
1787599214.000	REQ	1b97d1b286a8	martin-mobil	0	1787599214.000
1787599225.000	REQ	1b97d1b286a8	martin-mobil	0	1787599225.000
1787599238.000	REQ	1b97d1b286a8	martin-mobil	0	1787599238.000
1787599343.000	REQ	1b97d1b286a8	martin-mobil	0	1787599343.000
1787599356.000	REQ	1b97d1b286a8	martin-mobil	0	1787599356.000
1787599369.000	REQ	1b97d1b286a8	martin-mobil	0	1787599369.000
1787599597.000	REQ	1b97d1b286a8	martin-mobil	0	1787599598.000
1787600686.000	REQ	7c2747377cab	martin-mobil	0	1787600687.000
1787600687.000	REQ	7c2747377cab	martin-mobil	0	1787600687.000
1787600724.000	REQ	7c2747377cab	martin-mobil	0	1787600724.000
1787600724.000	REQ	7c2747377cab	martin-mobil	0	1787600725.000
1787600737.000	REQ	7c2747377cab	martin-mobil	0	1787600737.000
1787601402.000	REQ	1b97d1b286a8	martin-mobil	0	1787601402.000
1787601415.000	REQ	1b97d1b286a8	martin-mobil	0	1787601416.000
1787601427.000	REQ	1b97d1b286a8	martin-mobil	0	1787601427.000
1787601469.000	REQ	1b97d1b286a8	martin-mobil	0	1787601470.000
1787601542.000	REQ	7c2747377cab	martin-mobil	0	1787601542.000
1787601542.000	REQ	7c2747377cab	martin-mobil	0	1787601543.000
1787601554.000	REQ	7c2747377cab	martin-mobil	0	1787601554.000
1787601555.000	REQ	f370acc9d8b7	martin-mobil	0	1787601555.000
1787601556.000	REQ	f370acc9d8b7	martin-mobil	0	1787601556.000
1787601577.000	REQ	7c2747377cab	martin-mobil	0	1787601578.000
1787601578.000	REQ	7c2747377cab	martin-mobil	0	1787601578.000
1787601590.000	REQ	7c2747377cab	martin-mobil	0	1787601591.000
1787601638.000	REQ	7c2747377cab	martin-mobil	0	1787601638.000
1787671680.000	RESTART	-	-	0	1787671680.000
1787671960.000	REQ	f370acc9d8b7	martin-pc2	1	1787671960.000
1787671960.000	REQ	f370acc9d8b7	martin-pc2	0	1787671964.000
1787673492.000	REQ	f370acc9d8b7	martin-pc2	0	1787673494.000
1787673494.000	REQ	f370acc9d8b7	martin-pc2	0	1787673495.000
1787674736.000	REQ	7857ec590553	martin-pc2	0	1787675057.000
1787675361.000	REQ	7857ec590553	martin-pc2	0	1787675361.000
1787675362.000	REQ	7857ec590553	martin-pc2	0	1787675362.000
1787675363.000	REQ	7857ec590553	martin-pc2	0	1787675363.000
1787675365.000	REQ	7857ec590553	martin-pc2	0	1787675365.000
1787675367.000	RESTART	-	-	0	1787675367.000
1787675502.000	REQ	7857ec590553	martin-pc2	1	1787675519.000
1787675711.000	REQ	7857ec590553	martin-pc2	1	1787675726.000
1787675726.000	REQ	7857ec590553	martin-pc2	0	1787675729.000
1787675763.000	REQ	7857ec590553	martin-pc2	0	1787675767.000
1787676301.000	RESTART	-	-	0	1787676301.000
1787676622.000	RESTART	-	-	0	1787676622.000
1787677420.000	REQ	8448459fd4bf	martin-pc2	1	1787677420.000
1787677420.000	REQ	8448459fd4bf	martin-pc2	0	1787677429.000
1787677470.000	REQ	8448459fd4bf	martin-pc2	0	1787677475.000
1787677546.000	REQ	1a25bed0999c	martin-pc2	1	1787677970.000
1787678181.000	REQ	1a25bed0999c	martin-pc2	0	1787678454.000
1787678623.000	RESTART	-	-	0	1787678623.000
1787678780.000	RESTART	-	-	0	1787678780.000
1787679158.000	REQ	1a25bed0999c	martin-pc2	0	1787679437.000
1787686222.000	REQ	f370acc9d8b7	martin-mobil	0	1787686223.000
1787688043.000	RESTART	-	-	0	1787688043.000
1787688136.000	RESTART	-	-	0	1787688136.000
1787688270.000	REQ	f370acc9d8b7	martin-mobil	0	1787688271.000
1787691511.000	RESTART	-	-	0	1787691511.000
1787691637.000	REQ	f370acc9d8b7	martin-mobil	0	1787691637.000
1787691638.000	REQ	f370acc9d8b7	martin-mobil	0	1787691639.000
1787691664.000	REQ	7c2747377cab	martin-mobil	0	1787691684.000
1787691684.000	REQ	7c2747377cab	martin-mobil	0	1787691686.000
1787691688.000	REQ	7c2747377cab	martin-mobil	0	1787691689.000
1787691689.000	REQ	7c2747377cab	martin-mobil	0	1787691690.000
1787691773.000	REQ	7c2747377cab	martin-mobil	0	1787691785.000
1787691933.000	REQ	46121642f261	martin-pc2	1	1787691939.000
1787692059.000	REQ	f370acc9d8b7	martin-pc2	0	1787692062.000
1787692062.000	REQ	f370acc9d8b7	martin-pc2	0	1787692063.000
1787692114.000	REQ	f370acc9d8b7	martin-pc2	0	1787692115.000
1787692116.000	REQ	f370acc9d8b7	martin-pc2	0	1787692118.000
1787692119.000	REQ	f370acc9d8b7	martin-pc2	0	1787692120.000
1787692120.000	REQ	f370acc9d8b7	martin-pc2	0	1787692123.000
1787692123.000	REQ	f370acc9d8b7	martin-pc2	0	1787692124.000
1787692125.000	REQ	f370acc9d8b7	martin-pc2	0	1787692127.000
1787692219.000	REQ	f370acc9d8b7	martin-mobil	0	1787692220.000
1787692302.000	REQ	7c2747377cab	martin-mobil	0	1787692303.000
1787692303.000	REQ	7c2747377cab	martin-mobil	0	1787692304.000
1787692304.000	REQ	7c2747377cab	martin-mobil	0	1787692305.000
1787692305.000	REQ	7c2747377cab	martin-mobil	0	1787692305.000
1787692397.000	REQ	7c2747377cab	martin-mobil	0	1787692398.000
1787692528.000	REQ	7b224065fc29	martin-pc2	0	1787692536.000
1787692743.000	REQ	1784f6095625	martin-pc2	1	1787692807.000
1787692808.000	REQ	1784f6095625	martin-pc2	0	1787692844.000
1787692845.000	REQ	1784f6095625	martin-pc2	0	1787692872.000
1787692873.000	REQ	1784f6095625	martin-pc2	0	1787692876.000
1787692877.000	REQ	1784f6095625	martin-pc2	0	1787692879.000
1787717405.000	REQ	8f6d12ce73ec	martin-pc2	0	1787717406.000
1787717407.000	REQ	8f6d12ce73ec	martin-pc2	0	1787717408.000
1787717408.000	REQ	8f6d12ce73ec	martin-pc2	0	1787717409.000
1787718029.000	RESTART	-	-	0	1787718029.000
1787718296.000	RESTART	-	-	0	1787718296.000
1787718530.000	RESTART	-	-	0	1787718530.000
1787718608.000	RESTART	-	-	0	1787718608.000
1787718765.000	RESTART	-	-	0	1787718765.000
1787718772.000	RESTART	-	-	0	1787718772.000
1787718886.000	RESTART	-	-	0	1787718886.000
1787719021.000	RESTART	-	-	0	1787719021.000
1787719027.000	RESTART	-	-	0	1787719027.000
1787719596.000	REQ	7b224065fc29	martin-pc2	1	1787719609.000
1787719609.000	REQ	2673b86bd2e1	martin-pc2	1	1787719688.000
1787719702.000	REQ	7b224065fc29	martin-pc2	0	1787719707.000
1787719707.000	REQ	2673b86bd2e1	martin-pc2	0	1787719746.000
1787719774.000	REQ	7b224065fc29	martin-pc2	0	1787719782.000
1787719782.000	REQ	2673b86bd2e1	martin-pc2	0	1787719819.000
1787719850.000	REQ	8f6d12ce73ec	martin-pc2	1	1787719930.000
1787719931.000	REQ	8f6d12ce73ec	martin-pc2	0	1787719931.000
1787719932.000	REQ	a312404462b7	martin-pc2	1	1787719936.000
1787719937.000	REQ	8f6d12ce73ec	martin-pc2	0	1787719941.000
1787719941.000	REQ	8f6d12ce73ec	martin-pc2	0	1787719942.000
1787720163.000	RESTART	-	-	0	1787720163.000
1787720661.000	RESTART	-	-	0	1787720661.000
1787720877.000	RESTART	-	-	0	1787720877.000
1787721072.000	RESTART	-	-	0	1787721072.000
1787721244.000	RESTART	-	-	0	1787721244.000
1787721422.000	RESTART	-	-	0	1787721422.000
1787721618.000	RESTART	-	-	0	1787721618.000
1787723858.000	REQ	f370acc9d8b7	martin-pc2	1	1787723859.000
1787723894.000	REQ	7b224065fc29	martin-pc2	1	1787723897.000
1787723897.000	REQ	2673b86bd2e1	martin-pc2	1	1787723962.000
1787723976.000	REQ	7b224065fc29	martin-pc2	0	1787723981.000
1787723981.000	REQ	2673b86bd2e1	martin-pc2	0	1787724010.000
1787724269.000	REQ	7c2747377cab	martin-mobil	0	1787724269.000
1787724270.000	REQ	7c2747377cab	martin-mobil	0	1787724271.000
1787724299.000	REQ	7c2747377cab	martin-mobil	0	1787724300.000
1787724602.000	REQ	cc8da42af51d	martin-pc2	1	1787724608.000
1787724608.000	REQ	cc8da42af51d	martin-pc2	0	1787724609.000
1787724610.000	REQ	cc8da42af51d	martin-pc2	0	1787724611.000
1787724611.000	REQ	cc8da42af51d	martin-pc2	0	1787724613.000
1787724646.000	REQ	cc8da42af51d	martin-pc2	0	1787724647.000
1787724647.000	REQ	cc8da42af51d	martin-pc2	0	1787724649.000
1787724649.000	REQ	cc8da42af51d	martin-pc2	0	1787724650.000
1787724650.000	REQ	cc8da42af51d	martin-pc2	0	1787724652.000
1787724703.000	REQ	9b565846c893	martin-pc2	1	1787724709.000
1787724709.000	REQ	9b565846c893	martin-pc2	0	1787724711.000
1787724711.000	REQ	9b565846c893	martin-pc2	0	1787724712.000
1787724712.000	REQ	9b565846c893	martin-pc2	0	1787724714.000
1787724717.000	REQ	afba2c8d29b0	martin-pc2	1	1787724724.000
1787724724.000	REQ	afba2c8d29b0	martin-pc2	0	1787724725.000
1787724725.000	REQ	afba2c8d29b0	martin-pc2	0	1787724727.000
1787724727.000	REQ	afba2c8d29b0	martin-pc2	0	1787724728.000
1787724766.000	REQ	afba2c8d29b0	martin-pc2	0	1787724768.000
1787724768.000	REQ	afba2c8d29b0	martin-pc2	0	1787724773.000
1787724773.000	REQ	afba2c8d29b0	martin-pc2	0	1787724778.000
1787724779.000	REQ	afba2c8d29b0	martin-pc2	0	1787724782.000
1787724782.000	REQ	afba2c8d29b0	martin-pc2	0	1787724791.000
1787724827.000	REQ	afba2c8d29b0	martin-pc2	0	1787724830.000
1787724830.000	REQ	afba2c8d29b0	martin-pc2	0	1787724835.000
1787724835.000	REQ	afba2c8d29b0	martin-pc2	0	1787724840.000
1787724840.000	REQ	afba2c8d29b0	martin-pc2	0	1787724842.000
1787724953.000	REQ	afba2c8d29b0	martin-pc2	0	1787724956.000
1787724956.000	REQ	afba2c8d29b0	martin-pc2	0	1787724959.000
1787724986.000	REQ	ec771244e605	martin-pc2	1	1787724992.000
1787724992.000	REQ	ec771244e605	martin-pc2	0	1787724995.000
1787724995.000	REQ	ec771244e605	martin-pc2	0	1787724997.000
1787724997.000	REQ	ec771244e605	martin-pc2	0	1787724999.000
1787727931.000	RESTART	-	-	0	1787727931.000
1787727937.000	RESTART	-	-	0	1787727937.000
1787727942.000	RESTART	-	-	0	1787727942.000
1787728083.000	RESTART	-	-	0	1787728083.000
1787730593.000	RESTART	-	-	0	1787730593.000
1787736466.000	RESTART	-	-	0	1787736466.000
1787736593.000	RESTART	-	-	0	1787736593.000
1787736935.000	REQ	f370acc9d8b7	martin-mobil	0	1787736935.000
1787737715.000	REQ	7c2747377cab	martin-mobil	0	1787737716.000
1787737716.000	REQ	7c2747377cab	martin-mobil	0	1787737716.000
1787737716.000	REQ	7c2747377cab	martin-mobil	0	1787737717.000
1787737717.000	REQ	7c2747377cab	martin-mobil	0	1787737717.000
1787737717.000	REQ	7c2747377cab	martin-mobil	0	1787737718.000
1787737718.000	REQ	7c2747377cab	martin-mobil	0	1787737719.000
1787737744.000	REQ	7c2747377cab	martin-mobil	0	1787737745.000
1787737778.000	REQ	7c2747377cab	martin-mobil	0	1787737788.000
1787750446.000	RESTART	-	-	0	1787750446.000
1787750774.000	RESTART	-	-	0	1787750774.000
1787761931.000	REQ	a0d73b41c0d7	martin-pc2	1	1787762004.000
1787762026.000	REQ	9d0282148e5a	martin-pc2	1	1787762080.000
1787762080.000	REQ	a0d73b41c0d7	martin-pc2	0	1787762096.000
1787762888.000	REQ	cb47a04ec4b6	martin-pc2	1	1787762953.000
1787762970.000	REQ	9d0282148e5a	martin-pc2	0	1787762972.000
1787762972.000	REQ	cb47a04ec4b6	martin-pc2	0	1787762974.000
1787763079.000	REQ	cb47a04ec4b6	martin-pc2	0	1787763082.000
1787764079.000	REQ	9d0282148e5a	martin-pc2	0	1787764081.000
1787764081.000	REQ	cb47a04ec4b6	martin-pc2	0	1787764088.000
1787764107.000	REQ	cb47a04ec4b6	martin-pc2	0	1787764119.000
1787771007.000	RESTART	-	-	0	1787771007.000
1787771448.000	RESTART	-	-	0	1787771448.000
1787771920.000	RESTART	-	-	0	1787771920.000
1787772171.000	RESTART	-	-	0	1787772171.000
1787773164.000	RESTART	-	-	0	1787773164.000
1787773315.000	RESTART	-	-	0	1787773315.000
1787773709.000	RESTART	-	-	0	1787773709.000
1787775351.000	RESTART	-	-	0	1787775351.000
1787776642.000	RESTART	-	-	0	1787776642.000
1787777546.000	RESTART	-	-	0	1787777546.000
1787777930.000	RESTART	-	-	0	1787777930.000
1787778816.000	RESTART	-	-	0	1787778816.000
1787779817.000	RESTART	-	-	0	1787779817.000
1787780299.000	RESTART	-	-	0	1787780299.000
1787818372.000	RESTART	-	-	0	1787818372.000
1787819028.000	RESTART	-	-	0	1787819028.000
1787820946.000	RESTART	-	-	0	1787820946.000
1787828738.000	RESTART	-	-	0	1787828738.000
1787828765.000	RESTART	-	-	0	1787828765.000
1787828848.000	RESTART	-	-	0	1787828848.000
1787829963.000	REQ	f370acc9d8b7	martin-mobil	0	1787829964.000
1787830352.000	REQ	f370acc9d8b7	martin-mobil	0	1787830353.000
1787830353.000	REQ	f370acc9d8b7	martin-mobil	0	1787830353.000
1787844451.000	RESTART	-	-	0	1787844451.000
1787844464.000	RESTART	-	-	0	1787844464.000
1787851103.000	RESTART	-	-	0	1787851103.000
1787859807.000	RESTART	-	-	0	1787859807.000
1787860543.000	RESTART	-	-	0	1787860543.000
1787861114.000	RESTART	-	-	0	1787861114.000
1787863426.000	RESTART	-	-	0	1787863426.000
1787865536.000	RESTART	-	-	0	1787865536.000
1787866247.000	RESTART	-	-	0	1787866247.000
1787866695.000	RESTART	-	-	0	1787866695.000
1787866946.000	RESTART	-	-	0	1787866946.000
1787867199.000	RESTART	-	-	0	1787867199.000
1787890042.000	RESTART	-	-	0	1787890042.000
1787899842.000	RESTART	-	-	0	1787899842.000
1787900076.000	RESTART	-	-	0	1787900076.000
1787900698.000	RESTART	-	-	0	1787900698.000
1787905821.000	RESTART	-	-	0	1787905821.000
1787906618.000	RESTART	-	-	0	1787906618.000
1787907276.000	RESTART	-	-	0	1787907276.000
1787907808.000	RESTART	-	-	0	1787907808.000
1787907973.000	RESTART	-	-	0	1787907973.000
1787908081.000	RESTART	-	-	0	1787908081.000
1787908455.000	RESTART	-	-	0	1787908455.000
1787911641.000	REQ	7b224065fc29	martin-pc2	1	1787911642.000
1787911642.000	REQ	944c9af3f1df	martin-pc2	1	1787911689.000
1787911747.000	REQ	944c9af3f1df	martin-pc2	0	1787911774.000
1787911793.000	REQ	944c9af3f1df	martin-pc2	0	1787911817.000
1787911986.000	REQ	944c9af3f1df	martin-pc2	0	1787911998.000
1787911998.000	REQ	944c9af3f1df	martin-pc2	0	1787912032.000
1787912032.000	REQ	944c9af3f1df	martin-pc2	0	1787912071.000
1787912071.000	REQ	944c9af3f1df	martin-pc2	0	1787912341.000
1787912341.000	REQ	944c9af3f1df	martin-pc2	0	1787912349.000
1787912349.000	REQ	944c9af3f1df	martin-pc2	0	1787912377.000
1787912377.000	REQ	944c9af3f1df	martin-pc2	0	1787912391.000
1787912391.000	REQ	944c9af3f1df	martin-pc2	0	1787912408.000
1787912408.000	REQ	944c9af3f1df	martin-pc2	0	1787912421.000
1787912421.000	REQ	944c9af3f1df	martin-pc2	0	1787912426.000
1787912426.000	REQ	944c9af3f1df	martin-pc2	0	1787912435.000
1787912436.000	REQ	944c9af3f1df	martin-pc2	0	1787912449.000
1787912449.000	REQ	944c9af3f1df	martin-pc2	0	1787912462.000
1787912462.000	REQ	944c9af3f1df	martin-pc2	0	1787912510.000
1787912510.000	REQ	944c9af3f1df	martin-pc2	0	1787912531.000
1787912531.000	REQ	944c9af3f1df	martin-pc2	0	1787912541.000
1787912541.000	REQ	944c9af3f1df	martin-pc2	0	1787912555.000
1787912555.000	REQ	944c9af3f1df	martin-pc2	0	1787912562.000
1787912562.000	REQ	944c9af3f1df	martin-pc2	0	1787912592.000
1787912593.000	REQ	944c9af3f1df	martin-pc2	0	1787912597.000
1787912597.000	REQ	944c9af3f1df	martin-pc2	0	1787912645.000
1787912715.000	REQ	944c9af3f1df	martin-pc2	0	1787912725.000
1787912725.000	REQ	944c9af3f1df	martin-pc2	0	1787913080.000
1787913080.000	REQ	944c9af3f1df	martin-pc2	0	1787913088.000
1787913088.000	REQ	944c9af3f1df	martin-pc2	0	1787913251.000
1787913252.000	REQ	944c9af3f1df	martin-pc2	0	1787913341.000
1787913342.000	REQ	944c9af3f1df	martin-pc2	0	1787913358.000
1787913358.000	REQ	944c9af3f1df	martin-pc2	0	1787913370.000
1787913370.000	REQ	944c9af3f1df	martin-pc2	0	1787913376.000
1787913376.000	REQ	944c9af3f1df	martin-pc2	0	1787913385.000
1787913386.000	REQ	944c9af3f1df	martin-pc2	0	1787913407.000
1787913407.000	REQ	944c9af3f1df	martin-pc2	0	1787913422.000
1787913422.000	REQ	944c9af3f1df	martin-pc2	0	1787913428.000
1787913428.000	REQ	944c9af3f1df	martin-pc2	0	1787913444.000
1787913444.000	REQ	944c9af3f1df	martin-pc2	0	1787913486.000
1787913486.000	REQ	944c9af3f1df	martin-pc2	0	1787913498.000
1787913499.000	REQ	944c9af3f1df	martin-pc2	0	1787913512.000
1787913512.000	REQ	944c9af3f1df	martin-pc2	0	1787913533.000
1787913533.000	REQ	944c9af3f1df	martin-pc2	0	1787913546.000
1787913546.000	REQ	944c9af3f1df	martin-pc2	0	1787913587.000
1787913587.000	REQ	944c9af3f1df	martin-pc2	0	1787913609.000
1787913609.000	REQ	944c9af3f1df	martin-pc2	0	1787913622.000
1787913623.000	REQ	944c9af3f1df	martin-pc2	0	1787913628.000
1787913628.000	REQ	944c9af3f1df	martin-pc2	0	1787913689.000
1787913758.000	REQ	944c9af3f1df	martin-pc2	0	1787913778.000
1787913778.000	REQ	944c9af3f1df	martin-pc2	0	1787913785.000
1787913785.000	REQ	944c9af3f1df	martin-pc2	0	1787913809.000
1787913810.000	REQ	944c9af3f1df	martin-pc2	0	1787913827.000
1787913827.000	REQ	944c9af3f1df	martin-pc2	0	1787913847.000
1787913847.000	REQ	944c9af3f1df	martin-pc2	0	1787914170.000
1787914170.000	REQ	944c9af3f1df	martin-pc2	0	1787914306.000
1787914307.000	REQ	944c9af3f1df	martin-pc2	0	1787914339.000
1787914339.000	REQ	944c9af3f1df	martin-pc2	0	1787914347.000
1787914347.000	REQ	944c9af3f1df	martin-pc2	0	1787914426.000
1787923683.000	REQ	8adc7549e30b	martin-pc2	1	1787923728.000
1787923728.000	REQ	5bc1451346ce	martin-pc2	1	1787923729.000
1787923795.000	REQ	8adc7549e30b	martin-pc2	0	1787923800.000
1787923800.000	REQ	5bc1451346ce	martin-pc2	1	1787923801.000
1787923907.000	REQ	5bc1451346ce	martin-pc2	0	1787923908.000
1787923908.000	REQ	82c16f607d33	martin-pc2	1	1787923955.000
1787923963.000	REQ	5bc1451346ce	martin-pc2	0	1787923964.000
1787923964.000	REQ	82c16f607d33	martin-pc2	0	1787923966.000
1787923966.000	REQ	82c16f607d33	martin-pc2	0	1787923968.000
1787923968.000	REQ	82c16f607d33	martin-pc2	0	1787923981.000
1787945411.000	RESTART	-	-	0	1787945411.000
1787945579.000	RESTART	-	-	0	1787945579.000
1787946580.000	RESTART	-	-	0	1787946580.000
1787946620.000	RESTART	-	-	0	1787946620.000
1787946661.000	RESTART	-	-	0	1787946661.000
1787946843.000	RESTART	-	-	0	1787946843.000
1787946884.000	RESTART	-	-	0	1787946884.000
1787947069.000	RESTART	-	-	0	1787947069.000
1787947113.000	RESTART	-	-	0	1787947113.000
